,x
1,문대통령, 靑 비서진 인사..소통수석에 박수현
2,靑소통수석 박수현 등 수석급 3명 발탁..비서관 5명 인사
3,靑소통수석에 '초대 대변인' 박수현..시민사회수석에 방정균
4,신규 확진 587명..사흘 만에 5백 명대
5,중대본 "신규 확진자 500명대 후반..어제 65만7천명 백신 접종"
6,'잔여백신' 왜 없나 했더니.."예약자 98% 이상 접종 참여"
7,한미 정상회담 끝나자 북한과 밀착 과시한 중국
8,中왕이, 北대사 만나 협력 강조..'마스크 없이 팔짱' 친선 과시
9,北대사와 팔짱 끼고 '혈맹' 강조한 中외교부장
10,승용차 개별소비세 인하 6개월 연장..연말까지 30% 인하
11,홍남기 "車개소세 인하 연말까지..청년 스타트업에 임대주택 우선"
12,홍남기 "車개소세 인하 연말까지..청년 채용시 月75만원 장려금"
13,박근혜 지지 '軍댓글공작' 이태하 전 단장, 실형 확정
14,창원 진해·통영·거제·고성, 산업위기대응 특별지역 2년 연장
15,국민의힘, 본선에도 '역선택 방지'.."당대표는 당에서 뽑아야"
16,'청년 파쇄기 사망사고' 업체대표, 징역 1년 법정구속
17,'조리병 혹사' 민간조리원 40% 긴급증원..간부식당 외주도 검토
18,이용구 '택시기사 폭행' 다음날 서초서 방문.."유실물 수령"
19,네이버-카카오앱 '잔여백신' 당일예약서비스 첫날 4천229명 접종
20,'택시기사 폭행' 이용구 사의..국힘 "인사 폭거 사전 정지작업"
21,일본 정부, '확진자 폭증' 대만에   백신 공여 검토
22,고용장관, 취임 첫 민주노총 방문..노동자 항의에 '호된 신고식'
23,서울 214명 신규 확진..전날보다 4명 적어
24,양승조 "3기 신도시 백지화·낙후 지역 법인세 감면" 대선공약
25,제19대 문재인 대통령
26,   폰데어라이엔 집행위원장
27,일본은 지금
28,러시아는 지금
29,
                            1 위
                            故손정민 父 "서울경찰청, 정민이와 나를 미워한다"
                        
30,
                            2 위
                            50대·고3·교사 7월부터 접종
                        
31,
                            3 위
                            "로또 1등 당첨금 찾으러갔는데니 농협 직원이 계좌 비밀번호 알려달라더니 적금도 강제로∼"
                        
32,
                            4 위
                            日 화물선, 韓 선박과 충돌해 침몰..3명 실종
                        
33,
                            5 위
                            故 손정민 父 "서울경찰청, 나와 아들 미워한다..택시 좌석 발표 기막혀"
                        
34,
                        1 위
                        故손정민 父 "서울경찰청, 정민이와 나를 미워한다"
                    
35,
                        2 위
                        신고만하면 한국인? "中에 나라 파냐" 국적법 때린 반중정서
                    
36,
                        3 위
                        이준석, 1위 반란..나경원 주호영 홍문표 조경태 본선行(종합)
                    
37,
                        4 위
                        아이스크림 사먹으러 온 백발 할아버지..알고보니 바이든
                    
38,
                        5 위
                        백신 맞고 집 마당서 숨진 채 발견된 울산 80대 여성..이상 반응 신고 안된 사연
                    
39,"강제 입맞춤하다 혀 절단되자 폭행".. 女동창 살해 후 미륵산에 시신 유기한 70대
40,여성의 '그곳' 공격하는 병.. 방치하면 염증 퍼져
41,'잔여 백신' 첫날 젊은층 대거 몰렸다..   부정적 시선 바뀌나
42,"로또 1등 당첨금 찾으러갔는데니 농협 직원이 계좌 비밀번호 알려달라더니 적금도 강제로∼"
43,공중화장실서 집단성폭행 당한 女, 나체 상태로 묶여있던 곳
44,11억원 백신 복권 당첨된 미 여성 "이제 백만장자..일부 기부"
45,이준석, 1위 반란..나경원 주호영 홍문표 조경태 본선行(종합)
46,육군 장교 전역 후 해병 대위 부인 휘하로 들어간 해병 소위
